filename,width,height,class,xmin,ymin,xmax,ymax
bin1.jpg,379,448,bingo,39,24,339,417
bin10.jpg,379,448,bingo,34,21,348,426
bin100.jpg,1073,1500,bingo,1,4,1073,1482
bin101.jpg,320,320,bingo,47,14,271,320
bin102.jpg,320,320,bingo,58,35,250,320
bin103.jpg,320,320,bingo,47,23,273,320
bin104.jpg,588,816,bingo,5,7,588,812
bin105.jpg,1500,1500,bingo,176,19,1296,1477
bin106.jpg,349,461,bingo,3,1,348,460
bin107.jpg,1113,1280,bingo,3,5,1111,1275
bin108.jpg,375,500,bingo,40,26,375,442
bin109.jpg,1094,1500,bingo,4,12,1094,1487
bin11.jpg,379,448,bingo,38,25,343,419
bin110.jpg,1077,1500,bingo,5,6,1077,1487
bin12.jpg,379,448,bingo,36,21,344,421
bin13.jpg,379,448,bingo,40,23,343,418
bin14.jpg,379,448,bingo,36,21,344,425
bin15.jpg,379,448,bingo,37,23,344,419
bin16.jpg,379,448,bingo,32,20,344,426
bin17.jpg,379,448,bingo,31,19,346,432
bin18.jpg,466,599,bingo,31,39,425,553
bin19.jpg,379,448,bingo,35,25,342,424
bin2.jpg,379,448,bingo,37,21,348,424
bin20.jpg,379,448,bingo,30,19,348,428
bin22.jpg,295,400,bingo,3,1,294,399
bin23.jpg,730,548,bingo,55,323,179,485
bin23.jpg,730,548,bingo,216,325,339,484
bin23.jpg,730,548,bingo,378,51,709,487
bin24.jpg,400,400,bingo,6,16,399,392
bin25.jpg,288,400,bingo,2,2,288,399
bin26.jpg,147,200,bingo,1,4,144,197
bin27.jpg,768,768,bingo,175,128,585,653
bin3.jpg,379,448,bingo,35,23,342,423
bin34.jpg,320,320,bingo,35,2,289,320
bin35.jpg,400,546,bingo,4,15,400,532
bin38.jpg,500,404,bingo,112,18,385,373
bin39.jpg,1500,1500,bingo,211,8,1256,1452
bin4.jpg,379,448,bingo,37,22,344,420
bin44.jpg,300,300,bingo,28,1,274,300
bin45.jpg,250,165,bingo,42,37,116,147
bin45.jpg,250,165,bingo,132,40,207,147
bin45.jpg,250,165,bingo,175,3,247,106
bin45.jpg,250,165,bingo,87,3,162,111
bin45.jpg,250,165,bingo,1,4,76,110
bin46.jpg,375,500,bingo,3,115,341,500
bin47.jpg,375,500,bingo,23,42,339,487
bin48.jpg,400,400,bingo,56,12,335,385
bin49.jpg,499,679,bingo,2,1,497,679
bin5.jpg,379,448,bingo,39,22,341,421
bin50.jpg,1000,1000,bingo,216,122,776,884
bin51.jpg,400,400,bingo,93,10,327,395
bin52.jpg,750,750,bingo,106,27,646,724
bin53.jpg,750,750,bingo,110,43,651,714
bin54.jpg,400,300,bingo,90,7,314,298
bin55.jpg,728,546,bingo,272,253,455,519
bin55.jpg,728,546,bingo,44,223,272,542
bin55.jpg,728,546,bingo,479,218,670,534
bin55.jpg,728,546,bingo,381,17,584,317
bin55.jpg,728,546,bingo,111,27,365,316
bin56.jpg,518,700,bingo,4,4,514,700
bin57.jpg,1560,2080,bingo,146,260,1439,1784
bin58.jpg,1200,1200,bingo,223,49,964,1129
bin59.jpg,240,276,bingo,25,15,212,259
bin6.jpg,379,448,bingo,36,20,343,422
bin60.jpg,300,202,bingo,16,20,77,114
bin60.jpg,300,202,bingo,84,23,147,114
bin60.jpg,300,202,bingo,152,24,216,114
bin60.jpg,300,202,bingo,219,24,286,114
bin61.jpg,650,650,bingo,77,8,566,642
bin62.jpg,400,400,bingo,81,55,317,375
bin63.jpg,379,428,bingo,49,1,328,428
bin64.jpg,206,244,bingo,14,2,196,244
bin65.jpg,300,202,bingo,212,2,281,101
bin65.jpg,300,202,bingo,210,103,282,200
bin66.jpg,500,404,bingo,115,15,387,393
bin67.jpg,500,404,bingo,94,3,407,404
bin68.jpg,480,360,bingo,51,48,227,304
bin68.jpg,480,360,bingo,234,51,405,301
bin69.jpg,500,280,bingo,35,6,431,280
bin7.jpg,379,448,bingo,44,27,333,420
bin74.jpg,1280,720,bingo,77,82,651,720
bin75.jpg,194,260,bingo,1,22,157,248
bin76.jpg,768,1182,bingo,3,5,768,1181
bin77.jpg,1560,2080,bingo,49,189,1416,2063
bin78.jpg,511,653,bingo,4,11,509,653
bin79.jpg,532,700,bingo,9,1,531,700
bin8.jpg,379,448,bingo,41,25,336,423
bin80.jpg,700,700,bingo,86,74,626,700
bin81.jpg,700,753,bingo,174,44,518,701
bin82.jpg,700,753,bingo,131,58,564,706
bin83.jpg,700,753,bingo,62,58,637,704
bin84.jpg,417,529,bingo,8,24,414,529
bin85.jpg,520,600,bingo,6,10,516,600
bin86.jpg,1187,1500,bingo,6,12,1187,1488
bin87.jpg,1224,1500,bingo,7,4,1221,1500
bin88.jpg,540,674,bingo,45,67,540,644
bin89.jpg,1167,1500,bingo,83,101,1063,1386
bin9.jpg,379,448,bingo,43,27,337,425
bin90.jpg,1110,1500,bingo,7,15,1102,1500
bin91.jpg,1076,1500,bingo,24,6,1076,1493
bin92.jpg,1167,1500,bingo,81,101,1063,1395
bin93.jpg,1125,1500,bingo,9,23,1125,1488
bin94.jpg,1121,1500,bingo,7,17,1119,1500
bin95.jpg,1003,1500,bingo,3,6,997,1500
bin96.jpg,989,1500,bingo,3,4,985,1497
bin97.jpg,1500,1500,bingo,215,52,1262,1439
bin98.jpg,1500,1500,bingo,256,54,1251,1470
bin99.jpg,1113,1500,bingo,7,6,1113,1495
c (10).JPG,720,482,coca cola,260,19,617,440
c (11).JPG,642,495,coca cola,248,237,330,275
c (11).JPG,642,495,coca cola,113,328,185,409
c (11).JPG,642,495,coca cola,222,208,263,267
c (12).JPG,730,545,coca cola,1,125,183,545
c (12).JPG,730,545,coca cola,130,182,730,523
c (12).JPG,730,545,coca cola,233,53,535,288
c (12).JPG,730,545,coca cola,320,3,635,164
c (12).JPG,730,545,coca cola,176,254,329,409
c (13).JPG,401,526,coca cola,76,66,343,510
c (14).JPG,686,460,coca cola,337,314,511,431
c (14).JPG,686,460,coca cola,306,152,424,196
c (16).JPG,636,484,coca cola,301,65,531,472
c (17).JPG,796,526,coca cola,187,161,277,405
c (18).JPG,359,529,coca cola,77,260,296,429
c (2).JPG,845,461,coca cola,274,264,380,362
c (2).JPG,845,461,coca cola,344,204,444,286
c (2).JPG,845,461,coca cola,426,117,468,171
c (20).JPG,800,529,coca cola,173,171,615,431
c (21).JPG,665,438,coca cola,133,134,286,381
c (21).JPG,665,438,coca cola,243,275,449,362
c (21).JPG,665,438,coca cola,3,129,133,407
c (21).JPG,665,438,coca cola,350,55,626,273
c (21).JPG,665,438,coca cola,235,212,340,292
c (21).JPG,665,438,coca cola,188,2,342,214
c (21).JPG,665,438,coca cola,2,307,73,377
c (21).JPG,665,438,coca cola,66,389,268,437
c (21).JPG,665,438,coca cola,540,221,630,292
c (22).JPG,643,484,coca cola,162,174,497,302
c (23).JPG,838,480,coca cola,57,100,747,315
c (25).JPG,758,429,coca cola,287,6,506,429
c (25).JPG,758,429,coca cola,638,22,758,426
c (25).JPG,758,429,coca cola,209,124,299,275
c (27).JPG,483,485,coca cola,102,39,414,236
c (29).JPG,512,379,coca cola,340,5,421,182
c (29).JPG,512,379,coca cola,282,6,337,165
c (3).JPG,804,529,coca cola,12,119,364,304
c (3).JPG,804,529,coca cola,528,113,775,415
c (3).JPG,804,529,coca cola,580,1,725,208
c (30).JPG,641,384,coca cola,3,67,84,367
c (30).JPG,641,384,coca cola,43,63,111,318
c (30).JPG,641,384,coca cola,84,64,141,297
c (30).JPG,641,384,coca cola,142,62,198,282
c (30).JPG,641,384,coca cola,196,62,248,263
c (30).JPG,641,384,coca cola,247,60,305,254
c (30).JPG,641,384,coca cola,305,56,358,253
c (30).JPG,641,384,coca cola,358,58,412,250
c (30).JPG,641,384,coca cola,414,59,459,263
c (30).JPG,641,384,coca cola,460,59,513,279
c (30).JPG,641,384,coca cola,511,59,578,306
c (30).JPG,641,384,coca cola,556,60,633,349
c (31).JPG,548,365,coca cola,177,14,333,343
c (32).JPG,635,482,coca cola,161,70,253,363
c (33).JPG,669,454,coca cola,17,159,128,443
c (33).JPG,669,454,coca cola,129,157,227,449
c (33).JPG,669,454,coca cola,233,154,342,452
c (33).JPG,669,454,coca cola,338,147,462,454
c (33).JPG,669,454,coca cola,421,149,496,453
c (33).JPG,669,454,coca cola,497,146,623,454
c (33).JPG,669,454,coca cola,604,143,664,454
c (33).JPG,669,454,coca cola,98,159,153,247
c (34).JPG,508,285,coca cola,153,178,385,250
c (36).JPG,832,299,coca cola,266,15,735,201
c (37).JPG,609,462,coca cola,262,132,518,455
c (38).JPG,534,382,coca cola,20,2,195,382
c (38).JPG,534,382,coca cola,197,1,316,382
c (38).JPG,534,382,coca cola,321,35,413,380
c (38).JPG,534,382,coca cola,413,63,485,364
c (38).JPG,534,382,coca cola,472,82,533,343
c (4).JPG,804,531,coca cola,381,229,518,518
c (42).JPG,248,253,coca cola,148,75,205,237
c (43).JPG,320,529,coca cola,105,46,225,485
c (5).JPG,712,525,coca cola,160,96,401,466
c (7).JPG,800,527,coca cola,279,133,481,312
c (8).JPG,806,496,coca cola,386,234,426,298
c (9).JPG,765,499,coca cola,279,223,419,292
c (9).JPG,765,499,coca cola,372,293,487,357
c (9).JPG,765,499,coca cola,441,214,495,268
c (9).JPG,765,499,coca cola,644,90,765,174
c (9).JPG,765,499,coca cola,326,427,470,491
image001.jpg,1236,1500,too yumm,145,84,1069,1330
image002.jpg,1236,1500,too yumm,145,88,1067,1330
image003.jpg,1236,1500,too yumm,144,84,1063,1330
image004.jpg,1236,1500,too yumm,145,80,1053,1332
image005.jpg,1236,1500,too yumm,144,88,1067,1332
image006.jpg,1236,1500,too yumm,145,84,1070,1323
image007.jpg,1084,1500,too yumm,2,1,1081,1500
image008.jpg,1069,1500,too yumm,2,3,1069,1492
image009.jpg,1080,1500,too yumm,6,9,1080,1496
image010.jpg,1073,1500,too yumm,2,9,1072,1500
image011.jpg,1132,1500,too yumm,7,5,1132,1490
image012.jpg,1167,1500,too yumm,9,11,1167,1499
image013.jpg,1083,1500,too yumm,9,13,1082,1488
image014.jpg,1047,1500,too yumm,4,7,1039,1492
image015.jpg,1236,1500,too yumm,145,84,1070,1334
image016.jpg,1236,1500,too yumm,136,86,1069,1334
image017.jpg,1029,1500,too yumm,5,15,1029,1493
image018.jpg,1024,1500,too yumm,18,9,1022,1484
image019.jpg,1056,1500,too yumm,9,7,1056,1483
image020.jpg,1065,1500,too yumm,2,1,1064,1498
image021.jpg,1500,1500,too yumm,260,119,1254,1413
image022.jpg,1000,565,too yumm,80,50,468,520
image022.jpg,1000,565,too yumm,537,23,946,541
image023.jpg,1000,565,too yumm,37,24,453,545
image023.jpg,1000,565,too yumm,533,16,957,565
image024.jpg,740,1024,too yumm,99,106,574,940
image025.jpg,683,1024,too yumm,107,101,576,956
image026.jpg,741,1024,too yumm,106,91,567,962
image027.jpg,683,1024,too yumm,115,102,573,956
image028.jpg,1236,1500,too yumm,145,86,1069,1342
image029.jpg,1236,1500,too yumm,145,84,1078,1334
image030.jpg,600,600,too yumm,73,3,508,594
image031.jpg,600,600,too yumm,87,4,509,590
image032.jpg,600,600,too yumm,90,4,525,600
image033.jpg,600,600,too yumm,85,3,526,588
image034.jpg,600,600,too yumm,77,7,505,591
image035.jpg,600,600,too yumm,81,8,515,588
image036.jpg,600,600,too yumm,80,9,501,588
image037.jpg,600,600,too yumm,87,7,511,588
image038.jpg,600,600,too yumm,91,6,509,591
image039.jpg,600,600,too yumm,112,7,537,594
image040.jpg,600,600,too yumm,82,4,534,591
image041.jpg,600,600,too yumm,79,9,525,591
image042.jpg,600,600,too yumm,94,9,527,596
image043.jpg,600,600,too yumm,78,3,519,594
image044.jpg,600,600,too yumm,75,4,537,598
image045.jpg,600,600,too yumm,91,7,514,594
image046.jpg,600,600,too yumm,71,4,524,596
image047.jpg,600,600,too yumm,77,2,530,595
image049.jpg,506,479,too yumm,138,53,389,302
image052.jpg,353,459,too yumm,1,26,353,456
image053.jpg,504,519,too yumm,4,64,320,455
image053.jpg,504,519,too yumm,250,97,504,513
image055.jpg,505,586,too yumm,79,39,437,586
image055.jpg,505,586,too yumm,379,219,505,415
image056.jpg,501,461,too yumm,1,17,289,382
image056.jpg,501,461,too yumm,239,30,457,412
image058.jpg,965,491,too yumm,273,102,448,356
image058.jpg,965,491,too yumm,406,164,557,378
image058.jpg,965,491,too yumm,434,17,587,167
image058.jpg,965,491,too yumm,556,48,708,301
image059.jpg,829,488,too yumm,310,95,470,365
image059.jpg,829,488,too yumm,438,165,567,382
image059.jpg,829,488,too yumm,572,51,713,303
image059.jpg,829,488,too yumm,455,10,629,171
image064.jpg,500,495,too yumm,146,196,349,437
image067.jpg,503,599,too yumm,6,6,494,599
image073.jpg,355,388,too yumm,27,1,355,382
image075.jpg,998,662,too yumm,530,11,680,280
image076.jpg,509,462,too yumm,164,23,285,224
image076.jpg,509,462,too yumm,321,11,466,214
image076.jpg,509,462,too yumm,276,197,369,305
image076.jpg,509,462,too yumm,325,213,509,448
image076.jpg,509,462,too yumm,164,259,289,397
image076.jpg,509,462,too yumm,56,287,205,420
image076.jpg,509,462,too yumm,64,179,173,282
image076.jpg,509,462,too yumm,1,3,193,231
image077.jpg,943,501,too yumm,25,100,286,440
image077.jpg,943,501,too yumm,274,73,492,456
image077.jpg,943,501,too yumm,482,111,707,455
image077.jpg,943,501,too yumm,697,141,932,473
image078.jpg,946,506,too yumm,24,105,271,434
image078.jpg,946,506,too yumm,276,100,480,432
image078.jpg,946,506,too yumm,484,120,713,456
image078.jpg,946,506,too yumm,693,143,921,461
image079.jpg,939,494,too yumm,19,115,280,432
image079.jpg,939,494,too yumm,272,123,496,419
image079.jpg,939,494,too yumm,486,135,722,448
image079.jpg,939,494,too yumm,701,143,930,468
image081.jpg,952,499,too yumm,1,87,254,432
image081.jpg,952,499,too yumm,244,90,472,409
image081.jpg,952,499,too yumm,469,79,682,427
image081.jpg,952,499,too yumm,649,111,917,429
image082.jpg,770,436,too yumm,332,1,678,409
image082.jpg,770,436,too yumm,98,50,437,436
image084.jpg,640,331,too yumm,212,2,438,255
image085.jpg,637,324,too yumm,199,124,327,265
image086.jpg,639,331,too yumm,163,46,405,296
image087.jpg,642,360,too yumm,61,181,236,360
image087.jpg,642,360,too yumm,236,170,415,360
image087.jpg,642,360,too yumm,395,76,642,323
image087.jpg,642,360,too yumm,235,2,420,188
image087.jpg,642,360,too yumm,24,14,248,231
image088.jpg,643,361,too yumm,136,2,436,361
image088.jpg,643,361,too yumm,418,83,643,334
image089.jpg,641,359,too yumm,146,1,451,298
image089.jpg,641,359,too yumm,397,79,641,313
image090.jpg,641,363,too yumm,140,1,448,350
image090.jpg,641,363,too yumm,434,80,641,317
image091.jpg,639,334,too yumm,112,1,434,334
image091.jpg,639,334,too yumm,396,79,639,320
image092.jpg,645,328,too yumm,72,1,481,310
image092.jpg,645,328,too yumm,403,75,645,310
image092.jpg,645,328,too yumm,244,202,417,328
image093.jpg,639,344,too yumm,1,4,553,320
image093.jpg,639,344,too yumm,428,70,639,320
image093.jpg,639,344,too yumm,14,156,214,344
image093.jpg,639,344,too yumm,219,259,361,344
image094.jpg,642,338,too yumm,123,1,487,333
image094.jpg,642,338,too yumm,423,71,642,316
image094.jpg,642,338,too yumm,73,177,171,335
image095.jpg,641,351,too yumm,142,3,432,351
image095.jpg,641,351,too yumm,381,66,641,327
image095.jpg,641,351,too yumm,46,164,208,351
image096.jpg,639,348,too yumm,156,17,532,348
image096.jpg,639,348,too yumm,397,67,639,328
image096.jpg,639,348,too yumm,234,1,406,98
image096.jpg,639,348,too yumm,37,140,162,345
image097.jpg,644,345,too yumm,214,29,425,345
image097.jpg,644,345,too yumm,234,2,414,57
image097.jpg,644,345,too yumm,404,71,644,312
image098.jpg,638,342,too yumm,207,29,481,342
image098.jpg,638,342,too yumm,232,3,407,44
image098.jpg,638,342,too yumm,410,75,638,312
image099.jpg,641,329,too yumm,125,2,429,329
image099.jpg,641,329,too yumm,400,68,641,313
image100.jpg,653,357,too yumm,152,24,427,345
image100.jpg,653,357,too yumm,398,71,644,320
image101.jpg,638,349,too yumm,122,6,411,333
image101.jpg,638,349,too yumm,406,66,638,315
image101.jpg,638,349,too yumm,2,23,76,160
image103.jpg,642,322,too yumm,409,65,642,317
image104.jpg,640,354,too yumm,185,2,460,354
image105.jpg,618,362,too yumm,115,3,464,362
image106.jpg,641,325,too yumm,117,3,533,325
image108.jpg,466,364,too yumm,124,31,433,364
image109.jpg,428,324,too yumm,123,1,419,323
image112.jpg,629,355,too yumm,180,59,491,351
image118.jpg,947,485,too yumm,313,1,839,466
image119.jpg,763,501,too yumm,92,45,271,318
image119.jpg,763,501,too yumm,271,59,419,270
image119.jpg,763,501,too yumm,262,270,419,501
image119.jpg,763,501,too yumm,6,313,146,470
image119.jpg,763,501,too yumm,135,312,273,485
image119.jpg,763,501,too yumm,410,253,603,496
image119.jpg,763,501,too yumm,389,8,590,249
image119.jpg,763,501,too yumm,572,70,763,281
image119.jpg,763,501,too yumm,581,277,751,497
image120.jpg,774,544,too yumm,9,239,689,513
image120.jpg,774,544,too yumm,595,261,774,474
image120.jpg,774,544,too yumm,436,139,774,270
image120.jpg,774,544,too yumm,8,128,467,274
image120.jpg,774,544,too yumm,4,3,370,133
image120.jpg,774,544,too yumm,328,6,762,126
image123.jpg,566,426,too yumm,6,254,99,411
image123.jpg,566,426,too yumm,22,112,103,258
image123.jpg,566,426,too yumm,109,248,198,387
image123.jpg,566,426,too yumm,187,247,282,401
image123.jpg,566,426,too yumm,282,262,374,403
image123.jpg,566,426,too yumm,365,256,493,414
image123.jpg,566,426,too yumm,465,236,566,368
image123.jpg,566,426,too yumm,450,79,566,237
image123.jpg,566,426,too yumm,360,102,459,250
image123.jpg,566,426,too yumm,295,121,368,254
image123.jpg,566,426,too yumm,193,116,298,254
image123.jpg,566,426,too yumm,106,105,218,251
image123.jpg,566,426,too yumm,18,51,183,122
image123.jpg,566,426,too yumm,264,54,334,122
image123.jpg,566,426,too yumm,166,48,268,117
image123.jpg,566,426,too yumm,152,7,242,57
image123.jpg,566,426,too yumm,239,1,325,64
image123.jpg,566,426,too yumm,325,4,404,107
image123.jpg,566,426,too yumm,401,31,453,94
image124.jpg,568,574,too yumm,279,146,568,565
image124.jpg,568,574,too yumm,1,110,372,574
image125.jpg,625,532,too yumm,399,88,625,471
image126.jpg,561,446,too yumm,70,262,262,446
image126.jpg,561,446,too yumm,207,217,381,414
image126.jpg,561,446,too yumm,315,196,505,379
image126.jpg,561,446,too yumm,433,178,561,343
image126.jpg,561,446,too yumm,377,1,561,189
image126.jpg,561,446,too yumm,250,2,446,196
image126.jpg,561,446,too yumm,118,15,317,225
image126.jpg,561,446,too yumm,2,28,192,314
image127.jpg,465,642,too yumm,2,5,452,642
image132.jpg,505,507,too yumm,1,85,186,402
image132.jpg,505,507,too yumm,159,5,361,225
image132.jpg,505,507,too yumm,349,87,501,379
image133.jpg,722,713,too yumm,259,259,661,473
image133.jpg,722,713,too yumm,279,475,722,702
image133.jpg,722,713,too yumm,2,234,238,539
image133.jpg,722,713,too yumm,253,20,572,264
image133.jpg,722,713,too yumm,101,16,283,243
image133.jpg,722,713,too yumm,489,67,661,236
image133.jpg,722,713,too yumm,31,477,253,713
image134.jpg,675,677,too yumm,139,355,392,662
image134.jpg,675,677,too yumm,371,301,659,654
image134.jpg,675,677,too yumm,403,117,668,430
image134.jpg,675,677,too yumm,226,168,437,355
image134.jpg,675,677,too yumm,7,201,219,571
image134.jpg,675,677,too yumm,6,51,202,202
image134.jpg,675,677,too yumm,162,20,407,192
image134.jpg,675,677,too yumm,356,5,597,136
image136.jpg,713,720,too yumm,451,47,713,406
image138.jpg,950,713,too yumm,5,62,460,634
image138.jpg,950,713,too yumm,445,66,950,689
image139.jpg,573,716,too yumm,1,346,283,716
image139.jpg,573,716,too yumm,288,196,573,613
image139.jpg,573,716,too yumm,83,14,419,363
image139.jpg,573,716,too yumm,82,1,436,218
image139.jpg,573,716,too yumm,385,61,566,259
image140.jpg,717,613,too yumm,1,209,346,569
image140.jpg,717,613,too yumm,394,217,717,601
image140.jpg,717,613,too yumm,180,162,470,449
image141.jpg,716,717,too yumm,132,38,638,678
image142.jpg,653,429,too yumm,254,8,653,418
image142.jpg,653,429,too yumm,5,40,334,429
image143.jpg,411,724,too yumm,174,4,410,279
image143.jpg,411,724,too yumm,1,1,168,108
image143.jpg,411,724,too yumm,2,111,175,299
image143.jpg,411,724,too yumm,11,291,246,496
image143.jpg,411,724,too yumm,240,281,411,480
image143.jpg,411,724,too yumm,260,483,411,718
image143.jpg,411,724,too yumm,7,492,270,724
image144.jpg,385,452,too yumm,40,93,134,244
image144.jpg,385,452,too yumm,185,29,306,207
image144.jpg,385,452,too yumm,182,214,348,336
image144.jpg,385,452,too yumm,97,198,195,391
image145.jpg,714,714,too yumm,3,99,333,714
image145.jpg,714,714,too yumm,168,3,714,430
image146.jpg,1203,677,too yumm,121,1,615,677
image146.jpg,1203,677,too yumm,608,99,1123,677
image147.jpg,1200,638,too yumm,515,6,881,272
image147.jpg,1200,638,too yumm,796,2,1186,248
image147.jpg,1200,638,too yumm,897,237,1200,470
image147.jpg,1200,638,too yumm,787,294,979,638
image147.jpg,1200,638,too yumm,575,315,809,473
image147.jpg,1200,638,too yumm,292,428,783,638
image147.jpg,1200,638,too yumm,286,307,570,457
image147.jpg,1200,638,too yumm,54,450,225,638
image147.jpg,1200,638,too yumm,79,197,250,453
image147.jpg,1200,638,too yumm,122,3,274,212
image147.jpg,1200,638,too yumm,10,5,118,121
image147.jpg,1200,638,too yumm,3,185,81,437
image147.jpg,1200,638,too yumm,1,443,61,638
image148.jpg,512,530,too yumm,3,205,130,450
image148.jpg,512,530,too yumm,30,76,188,393
image148.jpg,512,530,too yumm,178,168,347,379
image148.jpg,512,530,too yumm,378,78,496,436
image149.jpg,953,716,too yumm,140,9,342,216
image149.jpg,953,716,too yumm,350,21,601,252
image149.jpg,953,716,too yumm,603,44,911,284
image149.jpg,953,716,too yumm,612,253,914,463
image149.jpg,953,716,too yumm,597,457,928,678
image149.jpg,953,716,too yumm,292,419,607,678
image149.jpg,953,716,too yumm,325,222,594,427
image149.jpg,953,716,too yumm,51,162,312,520
image149.jpg,953,716,too yumm,91,507,300,702
image150.jpg,570,712,too yumm,34,3,461,712
image151.jpg,539,722,too yumm,136,124,393,248
image151.jpg,539,722,too yumm,324,215,513,392
image151.jpg,539,722,too yumm,155,244,312,389
image151.jpg,539,722,too yumm,54,351,247,502
image151.jpg,539,722,too yumm,239,366,426,512
image151.jpg,539,722,too yumm,147,515,396,669
image152.jpg,637,647,too yumm,5,141,221,400
image152.jpg,637,647,too yumm,144,82,312,213
image152.jpg,637,647,too yumm,288,5,609,354
image152.jpg,637,647,too yumm,158,222,396,591
image152.jpg,637,647,too yumm,335,368,577,604
image153.jpg,464,587,too yumm,17,46,450,587
image154.jpg,457,598,too yumm,32,114,401,568
image155.jpg,814,596,too yumm,1,6,771,542
image156.jpg,463,598,too yumm,16,6,463,582
image157.jpg,524,677,too yumm,18,34,489,649
image158.jpg,672,535,too yumm,161,31,571,535
image160.jpg,425,534,too yumm,80,113,425,512
image161.jpg,375,524,too yumm,92,143,349,524
image162.jpg,740,494,too yumm,161,1,517,372
image163.jpg,559,553,too yumm,29,21,310,403
image164.jpg,627,597,too yumm,4,135,367,597
image164.jpg,627,597,too yumm,330,108,627,543
image166.jpg,626,625,too yumm,112,282,614,625
image167.jpg,622,621,too yumm,27,1,619,619
image168.jpg,626,624,too yumm,90,38,546,624
image169.jpg,625,598,too yumm,70,212,436,565
image170.jpg,803,604,too yumm,12,96,414,594
image170.jpg,803,604,too yumm,385,61,803,599
image173.jpg,522,657,too yumm,10,16,480,657
image174.jpg,810,494,too yumm,14,58,282,420
image174.jpg,810,494,too yumm,273,79,542,407
image174.jpg,810,494,too yumm,523,68,810,426
IMG_5350.jpg,1512,2016,nutrela,94,623,1244,1760
IMG_5351.jpg,1512,2016,nutrela,536,1180,1131,1695
IMG_5352.jpg,1512,2016,nutrela,321,1165,1011,1780
IMG_5353.jpg,1512,2016,nutrela,229,658,1109,1573
IMG_5354.jpg,1512,2016,nutrela,214,705,814,1430
IMG_5355.jpg,1512,2016,nutrela,211,740,874,1465
IMG_5356.jpg,1512,2016,nutrela,436,618,976,1330
IMG_5357.jpg,1512,2016,nutrela,126,388,864,1170
IMG_5358.jpg,2016,1512,nutrela,247,448,861,960
IMG_5359.jpg,1512,2016,nutrela,196,590,1271,1758
IMG_5360.jpg,2016,1512,nutrela,865,183,1670,839
IMG_5361.jpg,1008,756,nutrela,527,376,770,566
IMG_5362.jpg,2016,1512,nutrela,861,560,1721,1411
IMG_5363.jpg,2016,1512,nutrela,454,290,1107,1116
IMG_5364.jpg,2016,1512,nutrela,745,411,1461,1267
IMG_5365.jpg,1512,2016,nutrela,224,673,1211,1550
IMG_5366.jpg,1512,2016,nutrela,316,643,979,1395
IMG_5367.jpg,2016,1512,nutrela,533,567,1412,1158
IMG_5368.jpg,2016,1512,nutrela,479,451,1349,1181
IMG_5369.jpg,2016,1512,nutrela,293,155,1163,1023
IMG_5370.jpg,2016,1512,nutrela,268,481,1314,1435
IMG_5371.jpg,1512,2016,nutrela,571,925,864,1508
IMG_5372.jpg,2016,1512,nutrela,810,411,1368,1211
IMG_5375.jpg,1512,2016,nutrela,801,573,1161,1133
IMG_5376.jpg,1512,2016,nutrela,774,815,1191,1235
IMG_5377.jpg,1512,2016,nutrela,499,488,1291,950
IMG_5378.jpg,756,1008,nutrela,238,419,500,654
IMG_5381.jpg,1512,2016,nutrela,516,700,1011,1165
IMG_5382.jpg,1512,2016,nutrela,159,803,1084,1560
IMG_5383.jpg,1512,2016,nutrela,321,223,1284,1075
IMG_5384.jpg,2016,1512,nutrela,803,472,1249,932
IMG_5387.jpg,756,1008,nutrela,190,182,616,552
IMG_5388.jpg,1512,2016,nutrela,474,585,1066,1478
IMG_5389.jpg,2016,1512,nutrela,124,372,698,1053
IMG_5390.jpg,1512,2016,nutrela,171,308,1076,1115
IMG_5393.jpg,1512,2016,nutrela,219,983,1024,1703
IMG_5394.jpg,1512,2016,nutrela,9,620,896,1665
IMG_5395.jpg,1512,2016,nutrela,711,698,964,990
IMG_5396.jpg,1512,2016,nutrela,626,703,926,1180
IMG_5399.jpg,1008,756,nutrela,301,210,658,511
IMG_5400.jpg,756,1008,nutrela,240,319,562,636
IMG_5401.jpg,756,1008,nutrela,169,399,384,643
IMG_5402.jpg,756,1008,nutrela,249,203,522,414
IMG_5405.jpg,756,1008,nutrela,98,201,611,688
IMG_5406.jpg,1008,756,nutrela,391,4,780,475
IMG_5407.jpg,756,1008,nutrela,99,595,352,961
IMG_5408.jpg,1008,756,nutrela,297,173,692,474
IMG_5409.jpg,1008,756,nutrela,478,378,956,735
IMG_5411.jpg,756,1008,nutrela,228,561,415,805
IMG_5412.jpg,756,1008,nutrela,167,437,353,672
IMG_5413.jpg,1008,756,nutrela,144,225,621,674
IMG_5414.jpg,2016,1512,nutrela,940,662,1496,983
k (1).JPG,482,604,kurkure,303,261,481,604
k (1).JPG,482,604,kurkure,119,177,459,574
k (1).JPG,482,604,kurkure,263,116,477,248
k (10).JPG,599,603,kurkure,88,293,491,603
k (100).jpg,1500,1500,kurkure,141,34,1368,1455
k (101).jpg,1500,1500,kurkure,179,23,1283,1467
k (102).jpg,1500,1500,kurkure,181,17,1285,1471
k (103).jpg,1182,1500,kurkure,61,55,1132,1449
k (104).jpg,500,500,kurkure,75,45,422,499
k (105).jpg,500,500,kurkure,77,1,424,500
k (106).jpg,1110,1500,kurkure,7,7,1103,1500
k (107).jpg,1120,1500,kurkure,7,13,1120,1485
k (108).jpg,1500,1500,kurkure,168,26,1291,1474
k (109).jpg,720,1280,kurkure,4,91,720,1228
k (11).JPG,603,608,kurkure,29,300,219,431
k (11).JPG,603,608,kurkure,219,309,402,426
k (11).JPG,603,608,kurkure,390,294,575,445
k (110).jpg,720,1280,kurkure,4,83,720,1226
k (111).jpg,300,300,kurkure,43,3,257,299
k (112).jpg,400,400,kurkure,51,2,352,400
k (113).jpg,1182,1500,kurkure,55,53,1120,1453
k (114).jpg,1182,1500,kurkure,49,55,1120,1457
k (115).jpg,420,420,kurkure,60,1,357,420
k (116).jpg,1008,1500,kurkure,26,7,1002,1500
k (117).jpg,850,995,kurkure,76,99,701,922
k (118).jpg,1500,1500,kurkure,168,23,1293,1473
k (119).jpg,1500,1500,kurkure,208,40,1304,1469
k (12).JPG,599,602,kurkure,125,227,329,528
k (12).JPG,599,602,kurkure,297,188,515,482
k (120).jpg,500,500,kurkure,69,9,433,491
k (121).jpg,400,400,kurkure,50,1,357,400
k (122).jpg,1223,1500,kurkure,71,38,1163,1478
k (123).jpg,1500,637,kurkure,8,10,474,614
k (123).jpg,1500,637,kurkure,504,13,994,615
k (123).jpg,1500,637,kurkure,1012,8,1495,637
k (124).jpg,1500,639,kurkure,14,5,485,629
k (124).jpg,1500,639,kurkure,495,5,984,630
k (124).jpg,1500,639,kurkure,990,8,1492,635
k (125).jpg,415,500,kurkure,20,13,398,492
k (126).jpg,600,600,kurkure,55,1,544,600
k (127).jpg,313,161,kurkure,19,19,270,155
k (128).jpg,1100,1327,kurkure,29,27,1078,1298
k (129).jpg,1100,1326,kurkure,35,31,1062,1298
k (13).JPG,601,602,kurkure,48,66,172,209
k (13).JPG,601,602,kurkure,411,43,566,189
k (13).JPG,601,602,kurkure,15,433,172,602
k (13).JPG,601,602,kurkure,423,427,594,589
k (130).jpg,374,500,kurkure,21,40,369,461
k (131).jpg,374,500,kurkure,12,7,362,492
k (132).jpg,814,1024,kurkure,3,4,812,1024
k (133).jpg,240,276,kurkure,25,15,212,262
k (134).jpg,1440,2560,kurkure,8,83,1440,2557
k (135).jpg,500,500,kurkure,77,20,407,476
k (136).jpg,500,500,kurkure,30,1,468,500
k (137).jpg,486,704,kurkure,9,1,486,701
k (138).jpg,580,800,kurkure,32,7,578,800
k (139).jpg,200,252,kurkure,10,3,196,249
k (14).JPG,602,455,kurkure,365,250,429,333
k (140).jpg,870,470,kurkure,564,164,794,442
k (141).jpg,925,481,kurkure,64,1,427,480
k (143).jpg,500,279,kurkure,114,27,281,250
k (143).jpg,500,279,kurkure,266,39,389,241
k (143).jpg,500,279,kurkure,378,54,487,227
k (143).jpg,500,279,kurkure,13,40,131,236
k (144).jpg,400,400,kurkure,25,101,375,279
k (145).jpg,750,750,kurkure,130,3,601,748
k (146).jpg,801,531,kurkure,247,73,536,453
k (146).jpg,801,531,kurkure,518,96,782,459
k (146).jpg,801,531,kurkure,5,91,278,482
k (147).jpg,1065,1500,kurkure,4,1,1061,1498
k (148).jpg,488,704,kurkure,4,3,488,700
k (149).jpg,1020,1500,kurkure,7,7,1020,1488
k (15).JPG,374,381,kurkure,1,2,294,381
k (150).jpg,900,1200,kurkure,7,4,896,1200
k (151).jpg,510,510,kurkure,61,6,449,503
k (152).jpg,801,530,kurkure,235,89,537,490
k (153).jpg,500,333,kurkure,20,25,274,333
k (153).jpg,500,333,kurkure,234,18,449,327
k (154).jpg,1475,715,kurkure,9,16,244,338
k (154).jpg,1475,715,kurkure,13,391,250,705
k (154).jpg,1475,715,kurkure,307,394,548,705
k (154).jpg,1475,715,kurkure,311,17,554,336
k (154).jpg,1475,715,kurkure,615,14,863,342
k (154).jpg,1475,715,kurkure,924,14,1167,339
k (154).jpg,1475,715,kurkure,1226,17,1470,345
k (154).jpg,1475,715,kurkure,1217,391,1450,698
k (154).jpg,1475,715,kurkure,928,394,1166,709
k (154).jpg,1475,715,kurkure,626,388,862,713
k (155).jpg,498,741,kurkure,4,6,498,737
k (156).jpg,500,375,kurkure,13,19,271,362
k (156).jpg,500,375,kurkure,236,27,500,338
k (157).jpg,500,500,kurkure,66,6,433,492
k (158).jpg,502,704,kurkure,5,1,502,703
k (159).jpg,301,380,kurkure,41,28,275,322
k (160).jpg,400,300,kurkure,18,1,392,300
k (161).jpg,311,400,kurkure,10,5,300,396
k (162).jpg,750,750,kurkure,73,1,677,749
k (163).jpg,700,1000,kurkure,24,67,673,975
k (164).jpg,264,264,kurkure,34,3,233,262
k (165).jpg,500,500,kurkure,77,6,436,489
k (166).jpg,378,500,kurkure,4,9,373,478
k (167).jpg,500,500,kurkure,65,10,427,495
k (168).jpg,500,505,kurkure,59,2,423,503
k (169).jpg,638,479,kurkure,24,41,303,424
k (169).jpg,638,479,kurkure,320,37,617,425
k (17).JPG,649,489,kurkure,143,9,408,261
k (17).JPG,649,489,lays,3,120,359,489
k (170).jpg,395,584,kurkure,11,28,380,584
k (171).jpg,600,600,kurkure,98,32,524,597
k (172).jpg,650,650,kurkure,128,72,522,581
k (173).jpg,1600,1058,kurkure,181,1,1469,1057
k (174).jpg,500,500,kurkure,68,9,432,494
k (175).jpg,800,600,kurkure,30,37,378,552
k (176).jpg,301,380,kurkure,36,26,272,326
k (177).jpg,600,600,kurkure,150,95,444,502
k (178).jpg,300,300,kurkure,63,30,239,263
k (179).jpg,533,800,kurkure,29,89,484,714
k (18).JPG,642,528,kurkure,1,1,518,528
k (180).jpg,800,800,kurkure,167,62,677,744
k (181).jpg,249,400,kurkure,1,1,249,398
k (182).jpg,320,320,kurkure,32,1,292,320
k (183).jpg,756,1008,kurkure,68,62,697,953
k (19).JPG,471,651,kurkure,111,446,471,650
k (2).JPG,602,562,kurkure,231,186,464,515
k (20).JPG,651,649,kurkure,1,180,351,645
k (20).JPG,651,649,kurkure,18,8,651,554
k (20).JPG,651,649,kurkure,370,1,651,406
k (21).JPG,510,504,kurkure,38,88,510,502
k (21).JPG,510,504,kurkure,3,3,438,183
k (22).JPG,648,559,kurkure,321,26,502,175
k (23).JPG,651,676,kurkure,193,2,651,527
k (24).JPG,651,702,kurkure,3,4,468,680
k (25).JPG,647,368,kurkure,53,4,399,358
k (26).JPG,648,743,kurkure,73,48,521,704
k (27).JPG,647,612,kurkure,1,38,600,526
k (28).JPG,652,739,kurkure,1,271,399,722
k (29).JPG,740,557,kurkure,6,124,208,385
k (29).JPG,740,557,kurkure,201,159,367,433
k (29).JPG,740,557,kurkure,355,154,740,506
k (3).JPG,481,605,kurkure,4,149,185,297
k (3).JPG,481,605,kurkure,73,355,319,584
k (3).JPG,481,605,kurkure,265,283,481,546
k (30).JPG,514,651,kurkure,48,54,510,643
k (31).JPG,690,521,kurkure,166,12,418,282
k (31).JPG,690,521,lays,2,125,383,521
k (32).JPG,525,530,kurkure,45,9,506,529
k (33).JPG,738,705,kurkure,131,340,404,692
k (33).JPG,738,705,kurkure,327,205,702,672
k (34).JPG,480,273,kurkure,1,41,191,217
k (35).JPG,527,655,kurkure,78,2,488,655
k (36).JPG,592,742,kurkure,1,345,213,742
k (36).JPG,592,742,lays,200,314,497,742
k (36).JPG,592,742,lays,228,1,498,344
k (36).JPG,592,742,thumbsup,486,1,592,346
k (37).JPG,744,746,kurkure,72,9,686,741
k (38).JPG,740,739,kurkure,124,28,645,681
k (39).JPG,295,528,kurkure,20,50,295,463
k (4).JPG,602,604,kurkure,258,375,405,587
k (40).JPG,527,649,kurkure,17,247,253,643
k (40).JPG,527,649,kurkure,256,237,524,584
k (41).JPG,473,353,kurkure,19,3,117,136
k (41).JPG,473,353,kurkure,292,8,362,136
k (41).JPG,473,353,kurkure,306,130,371,236
k (41).JPG,473,353,kurkure,359,130,426,226
k (41).JPG,473,353,kurkure,411,133,456,217
k (41).JPG,473,353,kurkure,75,290,168,353
k (41).JPG,473,353,kurkure,339,228,392,330
k (41).JPG,473,353,kurkure,391,231,430,315
k (41).JPG,473,353,lays,122,1,194,134
k (41).JPG,473,353,lays,195,3,247,138
k (41).JPG,473,353,lays,243,10,298,137
k (41).JPG,473,353,lays,374,20,433,134
k (41).JPG,473,353,lays,431,37,471,136
k (41).JPG,473,353,lays,25,144,115,270
k (41).JPG,473,353,lays,102,138,174,268
k (41).JPG,473,353,lays,166,136,247,258
k (41).JPG,473,353,lays,241,138,308,243
k (41).JPG,473,353,lays,166,267,227,353
k (41).JPG,473,353,lays,215,257,292,349
k (41).JPG,473,353,lays,36,275,95,353
k (42).JPG,678,380,kurkure,1,1,144,215
k (42).JPG,678,380,kurkure,2,204,148,380
k (42).JPG,678,380,kurkure,119,3,344,353
k (42).JPG,678,380,lays,520,239,675,380
k (43).JPG,687,400,kurkure,1,1,239,392
k (43).JPG,687,400,kurkure,247,5,535,400
k (43).JPG,687,400,kurkure,539,18,687,395
k (44).JPG,503,377,kurkure,19,18,263,365
k (44).JPG,503,377,kurkure,243,25,503,347
k (45).JPG,731,432,kurkure,211,172,353,405
k (45).JPG,731,432,kurkure,330,138,526,368
k (45).JPG,731,432,lays,183,9,379,179
k (45).JPG,731,432,lays,504,158,686,382
k (45).JPG,731,432,lays,509,4,703,163
k (46).JPG,482,481,kurkure,4,229,386,481
k (47).JPG,481,482,kurkure,18,186,479,482
k (47).JPG,481,482,kurkure,93,22,481,225
k (47).JPG,481,482,lays,100,3,430,77
k (49).JPG,421,324,kurkure,2,29,94,228
k (49).JPG,421,324,kurkure,83,26,199,212
k (49).JPG,421,324,kurkure,185,25,328,237
k (49).JPG,421,324,kurkure,327,21,421,234
k (5).JPG,600,609,kurkure,193,257,425,571
k (50).JPG,644,486,kurkure,119,16,547,485
k (51).JPG,484,305,kurkure,4,3,252,289
k (51).JPG,484,305,kurkure,235,9,484,304
k (52).JPG,507,322,lays,128,1,275,179
k (52).JPG,507,322,kurkure,266,1,381,137
k (52).JPG,507,322,kurkure,149,175,260,322
k (52).JPG,507,322,too yumm,257,148,385,304
k (52).JPG,507,322,thumbsup,381,1,507,244
k (53).JPG,752,453,kurkure,254,222,383,440
k (53).JPG,752,453,lays,366,228,507,453
k (53).JPG,752,453,lays,500,238,694,453
k (53).JPG,752,453,kurkure,656,256,752,443
k (53).JPG,752,453,kurkure,648,163,752,291
k (53).JPG,752,453,lays,677,19,752,156
k (54).JPG,643,482,kurkure,2,21,83,135
k (54).JPG,643,482,kurkure,81,28,160,143
k (54).JPG,643,482,kurkure,154,20,244,147
k (54).JPG,643,482,kurkure,242,27,313,146
k (54).JPG,643,482,kurkure,311,25,383,141
k (54).JPG,643,482,kurkure,383,21,468,146
k (54).JPG,643,482,kurkure,458,25,527,147
k (54).JPG,643,482,kurkure,1,158,66,275
k (54).JPG,643,482,kurkure,61,162,119,230
k (54).JPG,643,482,kurkure,114,159,191,229
k (54).JPG,643,482,kurkure,194,161,258,269
k (54).JPG,643,482,kurkure,251,158,314,268
k (54).JPG,643,482,kurkure,314,159,384,268
k (54).JPG,643,482,kurkure,384,161,452,266
k (54).JPG,643,482,kurkure,450,159,528,264
k (54).JPG,643,482,kurkure,4,291,84,397
k (54).JPG,643,482,kurkure,343,289,415,380
k (54).JPG,643,482,kurkure,412,286,478,378
k (54).JPG,643,482,kurkure,473,288,534,380
k (54).JPG,643,482,kurkure,527,287,594,378
k (54).JPG,643,482,kurkure,581,288,614,363
k (54).JPG,643,482,kurkure,226,289,294,380
k (54).JPG,643,482,kurkure,42,427,116,482
k (54).JPG,643,482,kurkure,116,424,160,482
k (54).JPG,643,482,kurkure,163,436,213,482
k (54).JPG,643,482,kurkure,224,434,272,482
k (54).JPG,643,482,kurkure,275,430,323,482
k (54).JPG,643,482,kurkure,321,423,374,482
k (54).JPG,643,482,kurkure,376,425,426,482
k (54).JPG,643,482,lays,535,43,596,144
k (54).JPG,643,482,lays,521,163,566,261
k (54).JPG,643,482,lays,560,170,603,260
k (55).JPG,642,479,kurkure,179,149,310,311
k (55).JPG,642,479,kurkure,182,8,313,153
k (55).JPG,642,479,kurkure,305,32,422,162
k (55).JPG,642,479,kurkure,279,208,404,354
k (55).JPG,642,479,kurkure,140,22,190,131
k (55).JPG,642,479,kurkure,115,133,176,260
k (55).JPG,642,479,kurkure,90,263,162,400
k (55).JPG,642,479,kurkure,77,405,153,479
k (55).JPG,642,479,kurkure,271,347,416,479
k (55).JPG,642,479,kurkure,498,43,632,183
k (56).JPG,683,494,kurkure,298,77,452,283
k (56).JPG,683,494,kurkure,444,78,590,322
k (56).JPG,683,494,kurkure,409,342,534,486
k (56).JPG,683,494,kurkure,475,302,636,479
k (56).JPG,683,494,kurkure,188,275,264,416
k (56).JPG,683,494,kurkure,144,264,194,384
k (56).JPG,683,494,lays,129,91,236,252
k (56).JPG,683,494,lays,76,91,157,236
k (56).JPG,683,494,lays,189,80,336,274
k (56).JPG,683,494,lays,77,236,149,375
k (56).JPG,683,494,lays,260,270,341,459
k (56).JPG,683,494,lays,322,314,430,482
k (56).JPG,683,494,lays,93,430,157,489
k (56).JPG,683,494,lays,172,439,246,484
k (56).JPG,683,494,lays,36,390,87,435
k (56).JPG,683,494,lays,7,72,43,170
k (57).JPG,403,302,lays,5,9,77,123
k (57).JPG,403,302,lays,70,1,144,126
k (57).JPG,403,302,lays,145,3,213,127
k (57).JPG,403,302,lays,224,49,266,130
k (57).JPG,403,302,lays,259,31,323,130
k (57).JPG,403,302,lays,322,20,380,128
k (57).JPG,403,302,lays,227,149,276,197
k (57).JPG,403,302,lays,164,149,237,221
k (57).JPG,403,302,lays,130,141,171,212
k (57).JPG,403,302,lays,62,139,120,214
k (57).JPG,403,302,lays,8,135,62,214
k (57).JPG,403,302,lays,293,225,346,296
k (57).JPG,403,302,kurkure,4,237,76,298
k (57).JPG,403,302,kurkure,74,235,139,302
k (57).JPG,403,302,kurkure,134,229,187,296
k (58).JPG,639,482,lays,17,28,82,108
k (58).JPG,639,482,lays,85,35,149,109
k (58).JPG,639,482,lays,145,32,212,115
k (58).JPG,639,482,lays,282,43,350,118
k (58).JPG,639,482,lays,353,352,430,421
k (58).JPG,639,482,lays,395,322,471,396
k (58).JPG,639,482,lays,540,366,624,445
k (58).JPG,639,482,lays,473,339,529,393
k (58).JPG,639,482,bingo,35,148,85,241
k (58).JPG,639,482,bingo,87,161,152,250
k (58).JPG,639,482,bingo,143,168,220,249
k (58).JPG,639,482,bingo,451,21,559,127
k (58).JPG,639,482,bingo,551,38,639,130
k (58).JPG,639,482,bingo,356,25,471,128
k (58).JPG,639,482,bingo,18,275,108,356
k (58).JPG,639,482,bingo,95,285,184,374
k (58).JPG,639,482,bingo,185,294,261,383
k (58).JPG,639,482,bingo,265,300,342,395
k (58).JPG,639,482,kurkure,220,168,297,261
k (58).JPG,639,482,kurkure,293,185,362,264
k (58).JPG,639,482,kurkure,351,184,433,274
k (58).JPG,639,482,kurkure,432,186,501,271
k (58).JPG,639,482,kurkure,529,193,617,288
k (58).JPG,639,482,kurkure,16,409,85,482
k (58).JPG,639,482,kurkure,79,402,126,478
k (58).JPG,639,482,kurkure,123,430,174,482
k (58).JPG,639,482,kurkure,178,427,242,477
k (59).JPG,365,477,kurkure,138,230,212,350
k (59).JPG,365,477,kurkure,224,241,308,358
k (59).JPG,365,477,kurkure,157,392,234,477
k (59).JPG,365,477,kurkure,224,403,286,477
k (59).JPG,365,477,kurkure,150,348,216,398
k (59).JPG,365,477,kurkure,216,358,280,407
k (59).JPG,365,477,lays,32,413,131,477
k (59).JPG,365,477,lays,41,217,135,343
k (59).JPG,365,477,lays,218,24,332,191
k (59).JPG,365,477,lays,102,26,218,178
k (59).JPG,365,477,lays,9,32,115,176
k (6).JPG,598,598,kurkure,87,231,358,562
k (6).JPG,598,598,kurkure,289,181,536,525
k (60).JPG,601,607,kurkure,31,363,274,607
k (60).JPG,601,607,kurkure,274,382,502,607
k (60).JPG,601,607,kurkure,370,292,556,428
k (60).JPG,601,607,kurkure,393,237,561,323
k (60).JPG,601,607,kurkure,423,153,588,261
k (60).JPG,601,607,kurkure,228,65,398,149
k (60).JPG,601,607,kurkure,203,134,408,239
k (60).JPG,601,607,kurkure,171,226,362,304
k (60).JPG,601,607,kurkure,85,275,300,401
k (61).jpg,466,572,kurkure,18,11,447,563
k (62).jpg,466,575,kurkure,38,24,436,546
k (63).jpg,466,466,kurkure,62,13,408,461
k (64).jpg,1500,1500,kurkure,145,5,1353,1500
k (65).jpg,500,500,kurkure,86,3,412,492
k (66).jpg,320,320,kurkure,45,29,274,320
k (67).jpg,320,320,kurkure,33,2,285,320
k (68).jpg,415,500,kurkure,18,14,396,490
k (69).jpg,1100,1347,kurkure,47,41,1050,1306
k (7).JPG,599,603,kurkure,3,189,302,603
k (70).jpg,750,750,kurkure,74,4,673,748
k (71).jpg,800,800,kurkure,200,155,593,715
k (72).jpg,250,250,kurkure,41,26,210,250
k (73).jpg,1280,720,kurkure,128,118,322,408
k (73).jpg,1280,720,kurkure,285,66,511,350
k (73).jpg,1280,720,kurkure,497,1,785,383
k (73).jpg,1280,720,kurkure,767,49,980,348
k (73).jpg,1280,720,kurkure,958,101,1167,397
k (74).jpg,1500,1500,kurkure,231,23,1297,1444
k (75).jpg,809,500,kurkure,434,26,771,477
k (75).jpg,809,500,lays,48,34,382,467
k (76).jpg,396,550,kurkure,1,1,394,541
k (77).jpg,359,480,kurkure,19,58,346,475
k (78).jpg,800,800,kurkure,91,7,717,789
k (79).jpg,800,800,kurkure,80,7,713,800
k (8).JPG,603,623,kurkure,66,58,446,580
k (80).jpg,320,320,kurkure,40,1,280,320
k (81).jpg,525,600,kurkure,90,118,439,572
k (82).jpg,1280,720,kurkure,288,12,835,720
k (83).jpg,525,600,kurkure,90,113,440,567
k (84).jpg,466,466,kurkure,63,7,397,463
k (85).jpg,1200,1200,kurkure,222,66,972,1109
k (86).jpg,1103,1500,kurkure,2,17,1103,1486
k (88).jpg,1000,562,kurkure,293,75,699,562
k (89).jpg,466,571,kurkure,21,14,451,552
k (9).JPG,604,624,kurkure,53,208,493,624
k (9).JPG,604,624,kurkure,235,93,423,309
k (9).JPG,604,624,kurkure,375,142,541,361
k (9).JPG,604,624,kurkure,452,423,593,616
k (9).JPG,604,624,kurkure,54,477,259,624
k (9).JPG,604,624,kurkure,3,179,138,352
k (9).JPG,604,624,kurkure,15,56,242,245
k (90).jpg,470,470,kurkure,22,1,446,470
k (91).jpg,890,1280,kurkure,1,10,889,1273
k (92).jpg,1200,1600,kurkure,7,69,1140,1567
k (93).jpg,415,500,kurkure,16,11,398,490
k (94).jpg,431,600,kurkure,2,1,431,596
k (96).jpg,600,600,kurkure,150,101,454,497
k (97).jpg,1182,1500,kurkure,47,46,1124,1459
k (98).jpg,1500,1500,kurkure,170,9,1281,1463
k (99).jpg,1500,1500,kurkure,339,101,1191,1405
